[
    {
        "code": "AD",
        "name_en": "Andorra",
        "name_es": "Andorra",
        "flag": "游뷣릖"
    },
    {
        "code": "AE",
        "name_en": "United Arab Emirates",
        "name_es": "Emiratos 츼rabes Unidos",
        "flag": "游뷣릖"
    },
    {
        "code": "AF",
        "name_en": "Afghanistan",
        "name_es": "Afganist치n",
        "flag": "游뷣릖"
    },
    {
        "code": "AG",
        "name_en": "Antigua and Barbuda",
        "name_es": "Antigua y Barbuda",
        "flag": "游뷣릖"
    },
    {
        "code": "AI",
        "name_en": "Anguilla",
        "name_es": "Anguila",
        "flag": "游뷣릖"
    },
    {
        "code": "AL",
        "name_en": "Albania",
        "name_es": "Albania",
        "flag": "游뷣릖"
    },
    {
        "code": "AM",
        "name_en": "Armenia",
        "name_es": "Armenia",
        "flag": "游뷣릖"
    },
    {
        "code": "AO",
        "name_en": "Angola",
        "name_es": "Angola",
        "flag": "游뷣릖"
    },
    {
        "code": "AR",
        "name_en": "Argentina",
        "name_es": "Argentina",
        "flag": "游뷣릖"
    },
    {
        "code": "AS",
        "name_en": "American Samoa",
        "name_es": "Samoa Americana",
        "flag": "游뷣릖"
    },
    {
        "code": "AT",
        "name_en": "Austria",
        "name_es": "Austria",
        "flag": "游뷣릖"
    },
    {
        "code": "AU",
        "name_en": "Australia",
        "name_es": "Australia",
        "flag": "游뷣릖"
    },
    {
        "code": "AW",
        "name_en": "Aruba",
        "name_es": "Aruba",
        "flag": "游뷣릖"
    },
    {
        "code": "AX",
        "name_en": "칀land Islands",
        "name_es": "Islas 칀land",
        "flag": "游뷣릖"
    },
    {
        "code": "AZ",
        "name_en": "Azerbaijan",
        "name_es": "Azerbaiy치n",
        "flag": "游뷣릖"
    },
    {
        "code": "BA",
        "name_en": "Bosnia and Herzegovina",
        "name_es": "Bosnia y Herzegovina",
        "flag": "游游"
    },
    {
        "code": "BB",
        "name_en": "Barbados",
        "name_es": "Barbados",
        "flag": "游游"
    },
    {
        "code": "BD",
        "name_en": "Bangladesh",
        "name_es": "Banglad칠s",
        "flag": "游游"
    },
    {
        "code": "BE",
        "name_en": "Belgium",
        "name_es": "B칠lgica",
        "flag": "游游"
    },
    {
        "code": "BF",
        "name_en": "Burkina Faso",
        "name_es": "Burkina Faso",
        "flag": "游游"
    },
    {
        "code": "BG",
        "name_en": "Bulgaria",
        "name_es": "Bulgaria",
        "flag": "游游"
    },
    {
        "code": "BH",
        "name_en": "Bahrain",
        "name_es": "Bahrein",
        "flag": "游游"
    },
    {
        "code": "BI",
        "name_en": "Burundi",
        "name_es": "Burundi",
        "flag": "游游"
    },
    {
        "code": "BJ",
        "name_en": "Benin",
        "name_es": "Ben칤n",
        "flag": "游游"
    },
    {
        "code": "BL",
        "name_en": "Saint Barth칠lemy",
        "name_es": "San Bartolom칠",
        "flag": "游游"
    },
    {
        "code": "BM",
        "name_en": "Bermuda",
        "name_es": "Bermudas",
        "flag": "游游"
    },
    {
        "code": "BN",
        "name_en": "Brunei",
        "name_es": "Brun칠i",
        "flag": "游游"
    },
    {
        "code": "BO",
        "name_en": "Bolivia",
        "name_es": "Bolivia",
        "flag": "游游"
    },
    {
        "code": "BQ",
        "name_en": "Bonaire, Sint Eustatius and Saba",
        "name_es": "Bonaire, San Eustaquio y Saba",
        "flag": "游游"
    },
    {
        "code": "BR",
        "name_en": "Brazil",
        "name_es": "Brasil",
        "flag": "游游"
    },
    {
        "code": "BS",
        "name_en": "Bahamas",
        "name_es": "Bahamas",
        "flag": "游游"
    },
    {
        "code": "BT",
        "name_en": "Bhutan",
        "name_es": "But치n",
        "flag": "游游"
    },
    {
        "code": "BV",
        "name_en": "Bouvet Island",
        "name_es": "Isla Bouvet",
        "flag": "游游"
    },
    {
        "code": "BW",
        "name_en": "Botswana",
        "name_es": "Botsuana",
        "flag": "游游"
    },
    {
        "code": "BY",
        "name_en": "Belarus",
        "name_es": "Bielorrusia",
        "flag": "游游"
    },
    {
        "code": "BZ",
        "name_en": "Belize",
        "name_es": "Belice",
        "flag": "游游"
    },
    {
        "code": "CA",
        "name_en": "Canada",
        "name_es": "Canad치",
        "flag": "游뻟릖"
    },
    {
        "code": "CC",
        "name_en": "Cocos (Keeling) Islands",
        "name_es": "Islas Cocos (Keeling)",
        "flag": "游뻟릖"
    },
    {
        "code": "CD",
        "name_en": "Democratic Republic of the Congo",
        "name_es": "Rep칰blica Democr치tica del Congo",
        "flag": "游뻟릖"
    },
    {
        "code": "CF",
        "name_en": "Central African Republic",
        "name_es": "Rep칰blica Centroafricana",
        "flag": "游뻟릖"
    },
    {
        "code": "CG",
        "name_en": "Republic of the Congo",
        "name_es": "Rep칰blica del Congo",
        "flag": "游뻟릖"
    },
    {
        "code": "CH",
        "name_en": "Switzerland",
        "name_es": "Suiza",
        "flag": "游뻟릖"
    },
    {
        "code": "CI",
        "name_en": "Ivory Coast",
        "name_es": "Costa de Marfil",
        "flag": "游뻟릖"
    },
    {
        "code": "CK",
        "name_en": "Cook Islands",
        "name_es": "Islas Cook",
        "flag": "游뻟릖"
    },
    {
        "code": "CL",
        "name_en": "Chile",
        "name_es": "Chile",
        "flag": "游뻟릖"
    },
    {
        "code": "CM",
        "name_en": "Cameroon",
        "name_es": "Camer칰n",
        "flag": "游뻟릖"
    },
    {
        "code": "CN",
        "name_en": "China",
        "name_es": "China",
        "flag": "游뻟릖"
    },
    {
        "code": "CO",
        "name_en": "Colombia",
        "name_es": "Colombia",
        "flag": "游뻟릖"
    },
    {
        "code": "CR",
        "name_en": "Costa Rica",
        "name_es": "Costa Rica",
        "flag": "游뻟릖"
    },
    {
        "code": "CU",
        "name_en": "Cuba",
        "name_es": "Cuba",
        "flag": "游뻟릖"
    },
    {
        "code": "CV",
        "name_en": "Cabo Verde",
        "name_es": "Cabo Verde",
        "flag": "游뻟릖"
    },
    {
        "code": "CW",
        "name_en": "Cura칞ao",
        "name_es": "Cura칞ao",
        "flag": "游뻟릖"
    },
    {
        "code": "CX",
        "name_en": "Christmas Island",
        "name_es": "Isla de Navidad",
        "flag": "游뻟릖"
    },
    {
        "code": "CY",
        "name_en": "Cyprus",
        "name_es": "Chipre",
        "flag": "游뻟릖"
    },
    {
        "code": "CZ",
        "name_en": "Czech Republic",
        "name_es": "Rep칰blica Checa",
        "flag": "游뻟릖"
    },
    {
        "code": "DE",
        "name_en": "Germany",
        "name_es": "Alemania",
        "flag": "游뾇릖"
    },
    {
        "code": "DJ",
        "name_en": "Djibouti",
        "name_es": "Yibuti",
        "flag": "游뾇릖"
    },
    {
        "code": "DK",
        "name_en": "Denmark",
        "name_es": "Dinamarca",
        "flag": "游뾇릖"
    },
    {
        "code": "DM",
        "name_en": "Dominica",
        "name_es": "Dominica",
        "flag": "游뾇릖"
    },
    {
        "code": "DO",
        "name_en": "Dominican Republic",
        "name_es": "Rep칰blica Dominicana",
        "flag": "游뾇릖"
    },
    {
        "code": "DZ",
        "name_en": "Algeria",
        "name_es": "Argelia",
        "flag": "游뾇릖"
    },
    {
        "code": "EC",
        "name_en": "Ecuador",
        "name_es": "Ecuador",
        "flag": "游쀯릖"
    },
    {
        "code": "EE",
        "name_en": "Estonia",
        "name_es": "Estonia",
        "flag": "游쀯릖"
    },
    {
        "code": "EG",
        "name_en": "Egypt",
        "name_es": "Egipto",
        "flag": "游쀯릖"
    },
    {
        "code": "EH",
        "name_en": "Western Sahara",
        "name_es": "Sahara Occidental",
        "flag": "游쀯릖"
    },
    {
        "code": "ER",
        "name_en": "Eritrea",
        "name_es": "Eritrea",
        "flag": "游쀯릖"
    },
    {
        "code": "ES",
        "name_en": "Spain",
        "name_es": "Espa침a",
        "flag": "游쀯릖"
    },
    {
        "code": "ET",
        "name_en": "Ethiopia",
        "name_es": "Etiop칤a",
        "flag": "游쀯릖"
    },
    {
        "code": "FI",
        "name_en": "Finland",
        "name_es": "Finlandia",
        "flag": "游游"
    },
    {
        "code": "FJ",
        "name_en": "Fiji",
        "name_es": "Fiyi",
        "flag": "游游"
    },
    {
        "code": "FM",
        "name_en": "Micronesia",
        "name_es": "Micronesia",
        "flag": "游游"
    },
    {
        "code": "FO",
        "name_en": "Faroe Islands",
        "name_es": "Islas Faroe",
        "flag": "游游"
    },
    {
        "code": "FR",
        "name_en": "France",
        "name_es": "Francia",
        "flag": "游游"
    },
    {
        "code": "GA",
        "name_en": "Gabon",
        "name_es": "Gab칩n",
        "flag": "游섫릖"
    },
    {
        "code": "GB",
        "name_en": "United Kingdom",
        "name_es": "Reino Unido",
        "flag": "游섫릖"
    },
    {
        "code": "GD",
        "name_en": "Grenada",
        "name_es": "Granada",
        "flag": "游섫릖"
    },
    {
        "code": "GE",
        "name_en": "Georgia",
        "name_es": "Georgia",
        "flag": "游섫릖"
    },
    {
        "code": "GF",
        "name_en": "French Guiana",
        "name_es": "Guayana Francesa",
        "flag": "游섫릖"
    },
    {
        "code": "GG",
        "name_en": "Guernsey",
        "name_es": "Guernsey",
        "flag": "游섫릖"
    },
    {
        "code": "GH",
        "name_en": "Ghana",
        "name_es": "Ghana",
        "flag": "游섫릖"
    },
    {
        "code": "GI",
        "name_en": "Gibraltar",
        "name_es": "Gibraltar",
        "flag": "游섫릖"
    },
    {
        "code": "GL",
        "name_en": "Greenland",
        "name_es": "Groenlandia",
        "flag": "游섫릖"
    },
    {
        "code": "GM",
        "name_en": "Gambia",
        "name_es": "Gambia",
        "flag": "游섫릖"
    },
    {
        "code": "GN",
        "name_en": "Guinea",
        "name_es": "Guinea",
        "flag": "游섫릖"
    },
    {
        "code": "GP",
        "name_en": "Guadeloupe",
        "name_es": "Guadalupe",
        "flag": "游섫릖"
    },
    {
        "code": "GQ",
        "name_en": "Equatorial Guinea",
        "name_es": "Guinea Ecuatorial",
        "flag": "游섫릖"
    },
    {
        "code": "GR",
        "name_en": "Greece",
        "name_es": "Grecia",
        "flag": "游섫릖"
    },
    {
        "code": "GT",
        "name_en": "Guatemala",
        "name_es": "Guatemala",
        "flag": "游섫릖"
    },
    {
        "code": "GU",
        "name_en": "Guam",
        "name_es": "Guam",
        "flag": "游섫릖"
    },
    {
        "code": "GW",
        "name_en": "Guinea-Bissau",
        "name_es": "Guinea-Bis치u",
        "flag": "游섫릖"
    },
    {
        "code": "GY",
        "name_en": "Guyana",
        "name_es": "Guyana",
        "flag": "游섫릖"
    },
    {
        "code": "HK",
        "name_en": "Hong Kong",
        "name_es": "Hong Kong",
        "flag": "游쇓릖"
    },
    {
        "code": "HM",
        "name_en": "Heard Island and McDonald Islands",
        "name_es": "Isla Heard y las Islas McDonald",
        "flag": "游쇓릖"
    },
    {
        "code": "HN",
        "name_en": "Honduras",
        "name_es": "Honduras",
        "flag": "游쇓릖"
    },
    {
        "code": "HR",
        "name_en": "Croatia",
        "name_es": "Croacia",
        "flag": "游쇓릖"
    },
    {
        "code": "HT",
        "name_en": "Haiti",
        "name_es": "Hait칤",
        "flag": "游쇓릖"
    },
    {
        "code": "HU",
        "name_en": "Hungary",
        "name_es": "Hungr칤a",
        "flag": "游쇓릖"
    },
    {
        "code": "ID",
        "name_en": "Indonesia",
        "name_es": "Indonesia",
        "flag": "游쉻릖"
    },
    {
        "code": "IE",
        "name_en": "Ireland",
        "name_es": "Irlanda",
        "flag": "游쉻릖"
    },
    {
        "code": "IL",
        "name_en": "Israel",
        "name_es": "Israel",
        "flag": "游쉻릖"
    },
    {
        "code": "IM",
        "name_en": "Isle of Man",
        "name_es": "Isla de Man",
        "flag": "游쉻릖"
    },
    {
        "code": "IN",
        "name_en": "India",
        "name_es": "India",
        "flag": "游쉻릖"
    },
    {
        "code": "IO",
        "name_en": "British Indian Ocean Territory",
        "name_es": "Territorio Brit치nico del Oc칠ano 칈ndico",
        "flag": "游쉻릖"
    },
    {
        "code": "IQ",
        "name_en": "Iraq",
        "name_es": "Irak",
        "flag": "游쉻릖"
    },
    {
        "code": "IR",
        "name_en": "Iran",
        "name_es": "Ir치n",
        "flag": "游쉻릖"
    },
    {
        "code": "IS",
        "name_en": "Iceland",
        "name_es": "Islandia",
        "flag": "游쉻릖"
    },
    {
        "code": "IT",
        "name_en": "Italy",
        "name_es": "Italia",
        "flag": "游쉻릖"
    },
    {
        "code": "JE",
        "name_en": "Jersey",
        "name_es": "Jersey",
        "flag": "游游"
    },
    {
        "code": "JM",
        "name_en": "Jamaica",
        "name_es": "Jamaica",
        "flag": "游游"
    },
    {
        "code": "JO",
        "name_en": "Jordan",
        "name_es": "Jordania",
        "flag": "游游"
    },
    {
        "code": "JP",
        "name_en": "Japan",
        "name_es": "Jap칩n",
        "flag": "游游"
    },
    {
        "code": "KE",
        "name_en": "Kenya",
        "name_es": "Kenia",
        "flag": "游썷릖"
    },
    {
        "code": "KG",
        "name_en": "Kyrgyzstan",
        "name_es": "Kirguist치n",
        "flag": "游썷릖"
    },
    {
        "code": "KH",
        "name_en": "Cambodia",
        "name_es": "Camboya",
        "flag": "游썷릖"
    },
    {
        "code": "KI",
        "name_en": "Kiribati",
        "name_es": "Kiribati",
        "flag": "游썷릖"
    },
    {
        "code": "KM",
        "name_en": "Comoros",
        "name_es": "Comoras",
        "flag": "游썷릖"
    },
    {
        "code": "KN",
        "name_en": "Saint Kitts and Nevis",
        "name_es": "San Crist칩bal y Nieves",
        "flag": "游썷릖"
    },
    {
        "code": "KP",
        "name_en": "North Korea",
        "name_es": "Corea del Norte",
        "flag": "游썷릖"
    },
    {
        "code": "KR",
        "name_en": "South Korea",
        "name_es": "Corea del Sur",
        "flag": "游썷릖"
    },
    {
        "code": "KW",
        "name_en": "Kuwait",
        "name_es": "Kuwait",
        "flag": "游썷릖"
    },
    {
        "code": "KY",
        "name_en": "Cayman Islands",
        "name_es": "Islas Caim치n",
        "flag": "游썷릖"
    },
    {
        "code": "KZ",
        "name_en": "Kazakhstan",
        "name_es": "Kazajist치n",
        "flag": "游썷릖"
    },
    {
        "code": "LA",
        "name_en": "Laos",
        "name_es": "Laos",
        "flag": "游쐟릖"
    },
    {
        "code": "LB",
        "name_en": "Lebanon",
        "name_es": "L칤bano",
        "flag": "游쐟릖"
    },
    {
        "code": "LC",
        "name_en": "Saint Lucia",
        "name_es": "Santa Luc칤a",
        "flag": "游쐟릖"
    },
    {
        "code": "LI",
        "name_en": "Liechtenstein",
        "name_es": "Liechtenstein",
        "flag": "游쐟릖"
    },
    {
        "code": "LK",
        "name_en": "Sri Lanka",
        "name_es": "Sri Lanka",
        "flag": "游쐟릖"
    },
    {
        "code": "LR",
        "name_en": "Liberia",
        "name_es": "Liberia",
        "flag": "游쐟릖"
    },
    {
        "code": "LS",
        "name_en": "Lesotho",
        "name_es": "Lesoto",
        "flag": "游쐟릖"
    },
    {
        "code": "LT",
        "name_en": "Lithuania",
        "name_es": "Lituania",
        "flag": "游쐟릖"
    },
    {
        "code": "LU",
        "name_en": "Luxembourg",
        "name_es": "Luxemburgo",
        "flag": "游쐟릖"
    },
    {
        "code": "LV",
        "name_en": "Latvia",
        "name_es": "Letonia",
        "flag": "游쐟릖"
    },
    {
        "code": "LY",
        "name_en": "Libya",
        "name_es": "Libia",
        "flag": "游쐟릖"
    },
    {
        "code": "MA",
        "name_en": "Morocco",
        "name_es": "Marruecos",
        "flag": "游쓇릖"
    },
    {
        "code": "MC",
        "name_en": "Monaco",
        "name_es": "M칩naco",
        "flag": "游쓇릖"
    },
    {
        "code": "MD",
        "name_en": "Moldova",
        "name_es": "Moldavia",
        "flag": "游쓇릖"
    },
    {
        "code": "ME",
        "name_en": "Montenegro",
        "name_es": "Montenegro",
        "flag": "游쓇릖"
    },
    {
        "code": "MF",
        "name_en": "Saint Martin",
        "name_es": "San Mart칤n",
        "flag": "游쓇릖"
    },
    {
        "code": "MG",
        "name_en": "Madagascar",
        "name_es": "Madagascar",
        "flag": "游쓇릖"
    },
    {
        "code": "MH",
        "name_en": "Marshall Islands",
        "name_es": "Islas Marshall",
        "flag": "游쓇릖"
    },
    {
        "code": "MK",
        "name_en": "North Macedonia",
        "name_es": "Macedonia del Norte",
        "flag": "游쓇릖"
    },
    {
        "code": "ML",
        "name_en": "Mali",
        "name_es": "Mal칤",
        "flag": "游쓇릖"
    },
    {
        "code": "MM",
        "name_en": "Myanmar",
        "name_es": "Birmania",
        "flag": "游쓇릖"
    },
    {
        "code": "MN",
        "name_en": "Mongolia",
        "name_es": "Mongolia",
        "flag": "游쓇릖"
    },
    {
        "code": "MO",
        "name_en": "Macao",
        "name_es": "Macao",
        "flag": "游쓇릖"
    },
    {
        "code": "MP",
        "name_en": "Northern Mariana Islands",
        "name_es": "Islas Marianas del Norte",
        "flag": "游쓇릖"
    },
    {
        "code": "MQ",
        "name_en": "Martinique",
        "name_es": "Martinica",
        "flag": "游쓇릖"
    },
    {
        "code": "MR",
        "name_en": "Mauritania",
        "name_es": "Mauritania",
        "flag": "游쓇릖"
    },
    {
        "code": "MS",
        "name_en": "Montserrat",
        "name_es": "Montserrat",
        "flag": "游쓇릖"
    },
    {
        "code": "MT",
        "name_en": "Malta",
        "name_es": "Malta",
        "flag": "游쓇릖"
    },
    {
        "code": "MU",
        "name_en": "Mauritius",
        "name_es": "Mauricio",
        "flag": "游쓇릖"
    },
    {
        "code": "MV",
        "name_en": "Maldives",
        "name_es": "Maldivas",
        "flag": "游쓇릖"
    },
    {
        "code": "MW",
        "name_en": "Malawi",
        "name_es": "Malawi",
        "flag": "游쓇릖"
    },
    {
        "code": "MX",
        "name_en": "Mexico",
        "name_es": "M칠xico",
        "flag": "游쓇릖"
    },
    {
        "code": "MY",
        "name_en": "Malaysia",
        "name_es": "Malasia",
        "flag": "游쓇릖"
    },
    {
        "code": "MZ",
        "name_en": "Mozambique",
        "name_es": "Mozambique",
        "flag": "游쓇릖"
    },
    {
        "code": "NA",
        "name_en": "Namibia",
        "name_es": "Namibia",
        "flag": "游游"
    },
    {
        "code": "NC",
        "name_en": "New Caledonia",
        "name_es": "Nueva Caledonia",
        "flag": "游游"
    },
    {
        "code": "NE",
        "name_en": "Niger",
        "name_es": "N칤ger",
        "flag": "游游"
    },
    {
        "code": "NF",
        "name_en": "Norfolk Island",
        "name_es": "Isla Norfolk",
        "flag": "游游"
    },
    {
        "code": "NG",
        "name_en": "Nigeria",
        "name_es": "Nigeria",
        "flag": "游游"
    },
    {
        "code": "NI",
        "name_en": "Nicaragua",
        "name_es": "Nicaragua",
        "flag": "游游"
    },
    {
        "code": "NL",
        "name_en": "Netherlands",
        "name_es": "Pa칤ses Bajos",
        "flag": "游游"
    },
    {
        "code": "NO",
        "name_en": "Norway",
        "name_es": "Noruega",
        "flag": "游游"
    },
    {
        "code": "NP",
        "name_en": "Nepal",
        "name_es": "Nepal",
        "flag": "游游"
    },
    {
        "code": "NR",
        "name_en": "Nauru",
        "name_es": "Nauru",
        "flag": "游游"
    },
    {
        "code": "NU",
        "name_en": "Niue",
        "name_es": "Niue",
        "flag": "游游"
    },
    {
        "code": "NZ",
        "name_en": "New Zealand",
        "name_es": "Nueva Zelanda",
        "flag": "游游"
    },
    {
        "code": "OM",
        "name_en": "Oman",
        "name_es": "Om치n",
        "flag": "游엃릖"
    },
    {
        "code": "PA",
        "name_en": "Panama",
        "name_es": "Panam치",
        "flag": "游왫릖"
    },
    {
        "code": "PE",
        "name_en": "Peru",
        "name_es": "Per칰",
        "flag": "游왫릖"
    },
    {
        "code": "PF",
        "name_en": "French Polynesia",
        "name_es": "Polinesia Francesa",
        "flag": "游왫릖"
    },
    {
        "code": "PG",
        "name_en": "Papua New Guinea",
        "name_es": "Pap칰a Nueva Guinea",
        "flag": "游왫릖"
    },
    {
        "code": "PH",
        "name_en": "Philippines",
        "name_es": "Filipinas",
        "flag": "游왫릖"
    },
    {
        "code": "PK",
        "name_en": "Pakistan",
        "name_es": "Pakist치n",
        "flag": "游왫릖"
    },
    {
        "code": "PL",
        "name_en": "Poland",
        "name_es": "Polonia",
        "flag": "游왫릖"
    },
    {
        "code": "PM",
        "name_en": "Saint Pierre and Miquelon",
        "name_es": "San Pedro y Miquel칩n",
        "flag": "游왫릖"
    },
    {
        "code": "PN",
        "name_en": "Pitcairn Islands",
        "name_es": "Islas Pitcairn",
        "flag": "游왫릖"
    },
    {
        "code": "PR",
        "name_en": "Puerto Rico",
        "name_es": "Puerto Rico",
        "flag": "游왫릖"
    },
    {
        "code": "PT",
        "name_en": "Portugal",
        "name_es": "Portugal",
        "flag": "游왫릖"
    },
    {
        "code": "PW",
        "name_en": "Palau",
        "name_es": "Palau",
        "flag": "游왫릖"
    },
    {
        "code": "PY",
        "name_en": "Paraguay",
        "name_es": "Paraguay",
        "flag": "游왫릖"
    },
    {
        "code": "QA",
        "name_en": "Qatar",
        "name_es": "Catar",
        "flag": "游윓릖"
    },
    {
        "code": "RE",
        "name_en": "R칠union",
        "name_es": "Reuni칩n",
        "flag": "游游"
    },
    {
        "code": "RO",
        "name_en": "Romania",
        "name_es": "Rumania",
        "flag": "游游"
    },
    {
        "code": "RS",
        "name_en": "Serbia",
        "name_es": "Serbia",
        "flag": "游游"
    },
    {
        "code": "RU",
        "name_en": "Russia",
        "name_es": "Rusia",
        "flag": "游游"
    },
    {
        "code": "RW",
        "name_en": "Rwanda",
        "name_es": "Ruanda",
        "flag": "游游"
    },
    {
        "code": "SA",
        "name_en": "Saudi Arabia",
        "name_es": "Arabia Saudita",
        "flag": "游젏릖"
    },
    {
        "code": "SB",
        "name_en": "Solomon Islands",
        "name_es": "Islas Salom칩n",
        "flag": "游젏릖"
    },
    {
        "code": "SC",
        "name_en": "Seychelles",
        "name_es": "Seychelles",
        "flag": "游젏릖"
    },
    {
        "code": "SD",
        "name_en": "Sudan",
        "name_es": "Sud치n",
        "flag": "游젏릖"
    },
    {
        "code": "SE",
        "name_en": "Sweden",
        "name_es": "Suecia",
        "flag": "游젏릖"
    },
    {
        "code": "SG",
        "name_en": "Singapore",
        "name_es": "Singapur",
        "flag": "游젏릖"
    },
    {
        "code": "SH",
        "name_en": "Saint Helena",
        "name_es": "Santa Elena",
        "flag": "游젏릖"
    },
    {
        "code": "SI",
        "name_en": "Slovenia",
        "name_es": "Eslovenia",
        "flag": "游젏릖"
    },
    {
        "code": "SJ",
        "name_en": "Svalbard and Jan Mayen",
        "name_es": "Svalbard y Jan Mayen",
        "flag": "游젏릖"
    },
    {
        "code": "SK",
        "name_en": "Slovakia",
        "name_es": "Eslovaquia",
        "flag": "游젏릖"
    },
    {
        "code": "SL",
        "name_en": "Sierra Leone",
        "name_es": "Sierra Leona",
        "flag": "游젏릖"
    },
    {
        "code": "SM",
        "name_en": "San Marino",
        "name_es": "San Marino",
        "flag": "游젏릖"
    },
    {
        "code": "SN",
        "name_en": "Senegal",
        "name_es": "Senegal",
        "flag": "游젏릖"
    },
    {
        "code": "SO",
        "name_en": "Somalia",
        "name_es": "Somalia",
        "flag": "游젏릖"
    },
    {
        "code": "SR",
        "name_en": "Suriname",
        "name_es": "Surinam",
        "flag": "游젏릖"
    },
    {
        "code": "SS",
        "name_en": "South Sudan",
        "name_es": "Sud치n del Sur",
        "flag": "游젏릖"
    },
    {
        "code": "ST",
        "name_en": "Sao Tome and Principe",
        "name_es": "Santo Tom칠 y Pr칤ncipe",
        "flag": "游젏릖"
    },
    {
        "code": "SV",
        "name_en": "El Salvador",
        "name_es": "El Salvador",
        "flag": "游젏릖"
    },
    {
        "code": "SX",
        "name_en": "Sint Maarten",
        "name_es": "Sint Maarten",
        "flag": "游젏릖"
    },
    {
        "code": "SY",
        "name_en": "Syria",
        "name_es": "Siria",
        "flag": "游젏릖"
    },
    {
        "code": "SZ",
        "name_en": "Eswatini",
        "name_es": "Eswatini",
        "flag": "游젏릖"
    },
    {
        "code": "TC",
        "name_en": "Turks and Caicos Islands",
        "name_es": "Islas Turcas y Caicos",
        "flag": "游좷릖"
    },
    {
        "code": "TD",
        "name_en": "Chad",
        "name_es": "Chad",
        "flag": "游좷릖"
    },
    {
        "code": "TF",
        "name_en": "French Southern Territories",
        "name_es": "Territorios Australes Franceses",
        "flag": "游좷릖"
    },
    {
        "code": "TG",
        "name_en": "Togo",
        "name_es": "Togo",
        "flag": "游좷릖"
    },
    {
        "code": "TH",
        "name_en": "Thailand",
        "name_es": "Tailandia",
        "flag": "游좷릖"
    },
    {
        "code": "TJ",
        "name_en": "Tajikistan",
        "name_es": "Tayikist치n",
        "flag": "游좷릖"
    },
    {
        "code": "TK",
        "name_en": "Tokelau",
        "name_es": "Tokelau",
        "flag": "游좷릖"
    },
    {
        "code": "TL",
        "name_en": "Timor-Leste",
        "name_es": "Timor Oriental",
        "flag": "游좷릖"
    },
    {
        "code": "TM",
        "name_en": "Turkmenistan",
        "name_es": "Turkmenist치n",
        "flag": "游좷릖"
    },
    {
        "code": "TN",
        "name_en": "Tunisia",
        "name_es": "T칰nez",
        "flag": "游좷릖"
    },
    {
        "code": "TO",
        "name_en": "Tonga",
        "name_es": "Tonga",
        "flag": "游좷릖"
    },
    {
        "code": "TR",
        "name_en": "Turkey",
        "name_es": "Turqu칤a",
        "flag": "游좷릖"
    },
    {
        "code": "TT",
        "name_en": "Trinidad and Tobago",
        "name_es": "Trinidad y Tobago",
        "flag": "游좷릖"
    },
    {
        "code": "TV",
        "name_en": "Tuvalu",
        "name_es": "Tuvalu",
        "flag": "游좷릖"
    },
    {
        "code": "TZ",
        "name_en": "Tanzania",
        "name_es": "Tanzania",
        "flag": "游좷릖"
    },
    {
        "code": "UA",
        "name_en": "Ukraine",
        "name_es": "Ucrania",
        "flag": "游쥟릖"
    },
    {
        "code": "UG",
        "name_en": "Uganda",
        "name_es": "Uganda",
        "flag": "游쥟릖"
    },
    {
        "code": "UM",
        "name_en": "United States Minor Outlying Islands",
        "name_es": "Islas Ultramarinas Menores de Estados Unidos",
        "flag": "游쥟릖"
    },
    {
        "code": "US",
        "name_en": "United States",
        "name_es": "Estados Unidos",
        "flag": "游쥟릖"
    },
    {
        "code": "UY",
        "name_en": "Uruguay",
        "name_es": "Uruguay",
        "flag": "游쥟릖"
    },
    {
        "code": "UZ",
        "name_en": "Uzbekistan",
        "name_es": "Uzbekist치n",
        "flag": "游쥟릖"
    },
    {
        "code": "VA",
        "name_en": "Vatican City",
        "name_es": "Ciudad del Vaticano",
        "flag": "游游"
    },
    {
        "code": "VC",
        "name_en": "Saint Vincent and the Grenadines",
        "name_es": "San Vicente y las Granadinas",
        "flag": "游游"
    },
    {
        "code": "VE",
        "name_en": "Venezuela",
        "name_es": "Venezuela",
        "flag": "游游"
    },
    {
        "code": "VG",
        "name_en": "British Virgin Islands",
        "name_es": "Islas V칤rgenes Brit치nicas",
        "flag": "游游"
    },
    {
        "code": "VI",
        "name_en": "United States Virgin Islands",
        "name_es": "Islas V칤rgenes de Estados Unidos",
        "flag": "游游"
    },
    {
        "code": "VN",
        "name_en": "Vietnam",
        "name_es": "Vietnam",
        "flag": "游游"
    },
    {
        "code": "VU",
        "name_en": "Vanuatu",
        "name_es": "Vanuatu",
        "flag": "游游"
    },
    {
        "code": "WF",
        "name_en": "Wallis and Futuna",
        "name_es": "Wallis y Futuna",
        "flag": "游쩛릖"
    },
    {
        "code": "WS",
        "name_en": "Samoa",
        "name_es": "Samoa",
        "flag": "游쩛릖"
    },
    {
        "code": "YE",
        "name_en": "Yemen",
        "name_es": "Yemen",
        "flag": "游쮫릖"
    },
    {
        "code": "ZA",
        "name_en": "South Africa",
        "name_es": "Sud치frica",
        "flag": "游游"
    },
    {
        "code": "ZM",
        "name_en": "Zambia",
        "name_es": "Zambia",
        "flag": "游游"
    },
    {
        "code": "ZW",
        "name_en": "Zimbabwe",
        "name_es": "Zimbabue",
        "flag": "游游"
    }
]
